Id_No,Name,Age,District,Salary
1001,Tanmoy Khan Akash,29,Dhaka,20000
1002,Fariya Asha,25,Paris,300000
1003,Tamanna Haque,26,Munshiganj,100000
1004,Tanzila Akter,25,Dhaka,25000
1005,Yeasin Shikder,26,Gopalganj,15000
1006,Abir Hosin,22,Feeni,27000
1007,Shakil Ahmed,28,Gopalganj,10000
1008,Topu Dash,35,Khulna,14000
1009,Emon Podder,33,Narail,5000
1010,Nizum Khan,20,Gopalganj,4000
2001,Alida Molla,40,Bagerhat,25000
2002,Khaokan Khan,55,Gopalganj,50000
2003,Dipu Khan,48,Fardpur,200000
2004,Rikta,38,Khulna,50000
2005,Rafeja,45,Gopalganj,100000
2006,Kamrul Khan,58,Sylhet,500000
2007,Moniruzzaman Khan,49,Bogura,10000000
2008,Mukul Hossen,39,Kustia,400000
2009,Talha Molla,15,Rajshahi,2000
2010,Ahmed Molla,10,Bagerhat,1000